primary_chapter_auto,Clinician-authored,Literature,Total,Rated (30)
Total,61,135,196,30
Schizophrenia spectrum & psychotic,9,15,24,4
Depressive,8,15,23,4
Substance-related & addictive,6,11,17,4
Trauma & stressor-related,6,10,16,0
Bipolar & related,6,10,16,4
Medical (non-psychiatric),3,12,15,1
Obsessive-compulsive & related,10,5,15,2
Personality,3,10,13,1
Somatic symptom & related,0,9,9,1
Neurodevelopmental,2,6,8,3
Anxiety,1,7,8,1
Neurocognitive,1,6,7,1
Feeding & eating,2,5,7,1
"Disruptive, impulse-control & conduct",4,2,6,2
Dissociative,0,3,3,0
Sleep-wake,0,2,2,0
Paraphilic,0,2,2,1
Sexual dysfunction,0,2,2,0
Elimination,0,1,1,0
No diagnosis,0,1,1,0
Gender dysphoria,0,1,1,0
