ch,Clinician-authored,Literature,Total
Total,91,190,281
Depressive,18,28,46
Substance-related & addictive,10,20,30
Schizophrenia spectrum & psychotic,13,16,29
Trauma & stressor-related,8,15,23
Bipolar & related,7,11,18
Anxiety,2,15,17
Medical (non-psychiatric),3,14,17
Obsessive-compulsive & related,11,6,17
Neurodevelopmental,4,11,15
Personality,4,11,15
Neurocognitive,1,9,10
Somatic symptom & related,1,9,10
Feeding & eating,4,5,9
"Disruptive, impulse-control & conduct",4,2,6
Sleep-wake,0,6,6
Dissociative,0,3,3
Paraphilic,0,3,3
Gender dysphoria,1,1,2
Sexual dysfunction,0,2,2
Elimination,0,1,1
Other (conditions for further study),0,1,1
No diagnosis,0,1,1
