case_id,source,origin,subset,words,n_refs_parsed,references,primary_chapter_auto,all_chapters_auto,unmatched_ref,reference_flags,CONFIRM_primary_chapter,CONFIRM_all_chapters,TEMPORAL_COURSE,COMMON_or_RARE,notes
2,case_reports_in_psychiatry,Literature,Not rated (166),494,1,Catatonia,Schizophrenia spectrum & psychotic,Schizophrenia spectrum & psychotic,False,,,,,,
4,case_reports_in_psychiatry,Literature,Not rated (166),210,1,Anorexia nervosa with focal cortical dysplasia,Feeding & eating,Feeding & eating; Medical (non-psychiatric),False,one reference string spans 2+ chapters (check: may be several diagnoses scored as one),,,,,
13,case_reports_in_psychiatry,Literature,Not rated (166),1210,1,Pseudocyesis,Somatic symptom & related,Somatic symptom & related,False,,,,,,
14,case_reports_in_psychiatry,Literature,Not rated (166),885,1,Illness anxiety disorder (IAD),Somatic symptom & related,Somatic symptom & related,False,,,,,,
15,case_reports_in_psychiatry,Literature,Not rated (166),252,1,Social anxiety disorder (SAD) and major depressive disorder (MAD),Anxiety,Anxiety; Depressive,False,one reference string spans 2+ chapters (check: may be several diagnoses scored as one),,,,,
17,case_reports_in_psychiatry,Literature,Rated (30),369,1,Schizoaffective disorder,Schizophrenia spectrum & psychotic,Schizophrenia spectrum & psychotic,False,,,,,,
18,case_reports_in_psychiatry,Literature,Not rated (166),318,1,Neuropsychiatric systemic lupus erythematosus (NPSLE),Medical (non-psychiatric),Medical (non-psychiatric),False,primary reference is not a mental disorder,,,,,
19,case_reports_in_psychiatry,Literature,Not rated (166),351,2,Alcohol dependence syndrome || withdrawal state with delirium without convulsions (F10.40),Substance-related & addictive,Neurocognitive; Substance-related & addictive,False,one reference string spans 2+ chapters (check: may be several diagnoses scored as one),,,,,
20,case_reports_in_psychiatry,Literature,Not rated (166),273,1,Alcohol Dependence Syndrome — Psychotic Disorder: Mixed: hallucination and delusion (F10.56),Substance-related & addictive,Schizophrenia spectrum & psychotic; Substance-related & addictive,False,one reference string spans 2+ chapters (check: may be several diagnoses scored as one),,,,,
21,case_reports_in_psychiatry,Literature,Not rated (166),845,1,"Neurological complications from COVID-19 that, aside from obsessive-compulsive disorder (OCD), do not easily support any known syndrome or diagnosis",Medical (non-psychiatric),Medical (non-psychiatric); Obsessive-compulsive & related,False,alternatives in reference (or / vs / +/-); one reference string spans 2+ chapters (check: may be several diagnoses scored as one); primary reference is not a mental disorder,,,,,
22,case_reports_in_psychiatry,Literature,Not rated (166),412,1,Attention-deficient hyperactivity disorder (ADHD) with stimulant use disorder,Neurodevelopmental,Neurodevelopmental; Substance-related & addictive,False,one reference string spans 2+ chapters (check: may be several diagnoses scored as one),,,,,
23,case_reports_in_psychiatry,Literature,Rated (30),395,1,Levetiracetam-induced acute psychosis,Schizophrenia spectrum & psychotic,Schizophrenia spectrum & psychotic,False,,,,,,
24,case_reports_in_psychiatry,Literature,Not rated (166),255,1,"Delirium due to significant confusion, extreme agitation needing mechanical restraint, sleep impairment, and disorganized behavior",Neurocognitive,Neurocognitive,False,,,,,,
25,case_reports_in_psychiatry,Literature,Not rated (166),414,1,Bipolar 1 disorder,Bipolar & related,Bipolar & related,False,,,,,,
26,case_reports_in_psychiatry,Literature,Not rated (166),267,1,Serotonin syndrome,Medical (non-psychiatric),Medical (non-psychiatric),False,primary reference is not a mental disorder,,,,,
27,case_reports_in_psychiatry,Literature,Not rated (166),450,1,Psychogenic Nonepileptic Seizures (PNES),Somatic symptom & related,Somatic symptom & related,False,,,,,,
28,case_reports_in_psychiatry,Literature,Not rated (166),271,1,Pediatric autoimmune neuropsychiatric disorder associated with streptococcal infections (PANDAS),Medical (non-psychiatric),Medical (non-psychiatric),False,primary reference is not a mental disorder,,,,,
30,case_reports_in_psychiatry,Literature,Not rated (166),228,1,Postictal psychosis,Schizophrenia spectrum & psychotic,Schizophrenia spectrum & psychotic,False,,,,,,
32,case_reports_in_psychiatry,Literature,Rated (30),465,1,"Autism Spectrum Disorder, Major Depressive Disorder (MDD), Unspecified Anxiety Disorder, and Posttraumatic Stress Disorder (PTSD)",Neurodevelopmental,Anxiety; Depressive; Neurodevelopmental; Trauma & stressor-related,False,one reference string spans 2+ chapters (check: may be several diagnoses scored as one),,,,,
33,case_reports_in_psychiatry,Literature,Not rated (166),824,1,Treatment-refractory schizoaffective disorder,Schizophrenia spectrum & psychotic,Schizophrenia spectrum & psychotic,False,,,,,,
34,case_reports_in_psychiatry,Literature,Not rated (166),328,1,Delirious mania,Bipolar & related,Bipolar & related,False,,,,,,
35,case_reports_in_psychiatry,Literature,Not rated (166),184,1,Catatonia associated with schizoaffective disorder,Schizophrenia spectrum & psychotic,Schizophrenia spectrum & psychotic,False,,,,,,
36,case_reports_in_psychiatry,Literature,Not rated (166),233,1,"Major depressive disorder, recurrent, severe with psychotic features",Depressive,Depressive,False,,,,,,
37,case_reports_in_psychiatry,Literature,Not rated (166),172,1,Charles Bonnet syndrome,Medical (non-psychiatric),Medical (non-psychiatric),False,primary reference is not a mental disorder,,,,,
39,jama_psychiatry,Literature,Not rated (166),347,1,Posttraumatic stress disorder requiring therapy,Trauma & stressor-related,Trauma & stressor-related,False,,,,,,
40,jama_psychiatry,Literature,Not rated (166),563,1,Schizophrenia,Schizophrenia spectrum & psychotic,Schizophrenia spectrum & psychotic,False,,,,,,
43,jama_psychiatry,Literature,Not rated (166),261,1,Opioid use disorder and mild TBI,Substance-related & addictive,Medical (non-psychiatric); Substance-related & addictive,False,one reference string spans 2+ chapters (check: may be several diagnoses scored as one),,,,,
44,jama_psychiatry,Literature,Not rated (166),292,1,"Autism spectrum disorder (ASD) (associated with chromosome 16p11.2 deletion syndrome, level 3 severity, with accompanying intellectual and language impairment) and global developmental delay",Neurodevelopmental,Neurodevelopmental,False,,,,,,
48,jama,Literature,Not rated (166),200,1,Vitamin B12 deficiency.,Medical (non-psychiatric),Medical (non-psychiatric),False,primary reference is not a mental disorder,,,,,
50,jama,Literature,Not rated (166),196,1,Complicated grief.,Trauma & stressor-related,Trauma & stressor-related,False,,,,,,
60,nejm,Literature,Not rated (166),887,1,Functional vitamin B12 deficiency from use of nitrous oxide.,Medical (non-psychiatric),Medical (non-psychiatric),False,primary reference is not a mental disorder,,,,,
62,nejm,Literature,Rated (30),1138,1,Functional seizures.,Somatic symptom & related,Somatic symptom & related,False,,,,,,
64,nejm,Literature,Not rated (166),1213,1,Cushing’s syndrome due to ectopic secretion of adrenocorticotropic hormone from small-cell lung cancer.,Medical (non-psychiatric),Medical (non-psychiatric),False,primary reference is not a mental disorder,,,,,
66,nejm,Literature,Not rated (166),1290,1,Diffuse large B-cell lymphoma.,Medical (non-psychiatric),Medical (non-psychiatric),False,primary reference is not a mental disorder,,,,,
70,nejm,Literature,Not rated (166),1106,1,Delayed posthypoxic leukoencephalopathy.,Medical (non-psychiatric),Medical (non-psychiatric),False,primary reference is not a mental disorder,,,,,
72,nejm,Literature,Not rated (166),1218,1,Frontotemporal lobar degeneration with tau-positive inclusions (FTLD-tau) consistent with Pick’s disease.,Neurocognitive,Neurocognitive,False,,,,,,
73,nejm,Literature,Not rated (166),1107,1,Post-traumatic stress disorder and major depressive disorder in the context of culturally and religiously derived beliefs and behaviors.,Trauma & stressor-related,Depressive; Trauma & stressor-related,False,one reference string spans 2+ chapters (check: may be several diagnoses scored as one),,,,,
77,nejm,Literature,Not rated (166),1034,1,Intraparenchymal and intracranial hemorrhage presumably due to birth trauma.,Medical (non-psychiatric),Medical (non-psychiatric),False,primary reference is not a mental disorder,,,,,
78,nejm,Literature,Not rated (166),589,1,"Concussion, benign paroxysmal positional vertigo, and attention deficit–hyperactivity disorder.",Medical (non-psychiatric),Medical (non-psychiatric); Neurodevelopmental,False,one reference string spans 2+ chapters (check: may be several diagnoses scored as one); primary reference is not a mental disorder,,,,,
80,dsm_5_tr_clinical_cases,Literature,Rated (30),635,2,"Intellectual developmental disorder (intellectual disability), severe || Autism spectrum disorder, with accompanying intellectual and language impairments, associated with Kleefstra syndrome",Neurodevelopmental,Neurodevelopmental,False,,,,,,
81,dsm_5_tr_clinical_cases,Literature,Not rated (166),625,1,"Autism spectrum disorder requiring support for deficits in social communication and for restricted, repetitive behaviors without accompanying intellectual impairment, with accompanying language impairment—childhood-onset fluency disorder (stuttering)",Neurodevelopmental,Neurodevelopmental,False,,,,,,
82,dsm_5_tr_clinical_cases,Literature,Not rated (166),1274,4,"Major depressive disorder, mild, single episode || History of panic disorder; rule out current || History of attention-deficit/hyperactivity disorder, with predominantly inattentive presentation, of mild to moderate severity; rule out current || Specific learning disorder affecting the domains of reading (both fluency and comprehension) and written expression (spelling and organization of written expression), all currently of moderate severity",Depressive,Anxiety; Depressive; Neurodevelopmental,False,provisional / rule-out / history,,,,,
83,dsm_5_tr_clinical_cases,Literature,Not rated (166),634,2,Specific learning disorder (mathematics) || Generalized anxiety disorder,Neurodevelopmental,Anxiety; Neurodevelopmental,False,,,,,,
85,dsm_5_tr_clinical_cases,Literature,Rated (30),536,1,"Schizophrenia, multiple episodes, currently in acute episode",Schizophrenia spectrum & psychotic,Schizophrenia spectrum & psychotic,False,,,,,,
86,dsm_5_tr_clinical_cases,Literature,Not rated (166),545,1,"Schizophrenia, first episode, currently in acute episode",Schizophrenia spectrum & psychotic,Schizophrenia spectrum & psychotic,False,,,,,,
87,dsm_5_tr_clinical_cases,Literature,Not rated (166),577,1,Schizophreniform disorder (provisional),Schizophrenia spectrum & psychotic,Schizophrenia spectrum & psychotic,False,provisional / rule-out / history,,,,,
89,dsm_5_tr_clinical_cases,Literature,Not rated (166),571,3,"Schizoaffective disorder, depressive type || Alcohol use disorder, in remission || Cannabis use disorder, in remission",Schizophrenia spectrum & psychotic,Schizophrenia spectrum & psychotic; Substance-related & addictive,False,,,,,,
90,dsm_5_tr_clinical_cases,Literature,Not rated (166),582,3,"Cannabis-induced psychotic disorder || Bipolar I disorder, in remission || Cannabis use disorder, moderate",Schizophrenia spectrum & psychotic,Bipolar & related; Schizophrenia spectrum & psychotic; Substance-related & addictive,False,,,,,,
91,dsm_5_tr_clinical_cases,Literature,Not rated (166),575,1,Brief psychotic disorder with marked stressors,Schizophrenia spectrum & psychotic,Schizophrenia spectrum & psychotic,False,,,,,,
92,dsm_5_tr_clinical_cases,Literature,Not rated (166),853,1,"Bipolar I disorder, current episode manic, severe, with mood-congruent psychotic features",Bipolar & related,Bipolar & related,False,,,,,,
93,dsm_5_tr_clinical_cases,Literature,Not rated (166),525,1,"Bipolar I disorder, current episode manic, with mixed features and rapid cycling",Bipolar & related,Bipolar & related,False,,,,,,
94,dsm_5_tr_clinical_cases,Literature,Rated (30),496,2,"Bipolar II disorder, current episode depressed; high level of concern about suicide || Unspecified anxiety disorder",Bipolar & related,Anxiety; Bipolar & related,False,,,,,,
95,dsm_5_tr_clinical_cases,Literature,Not rated (166),613,1,"Bipolar II disorder, current episode depressed, of moderate severity",Bipolar & related,Bipolar & related,False,,,,,,
96,dsm_5_tr_clinical_cases,Literature,Not rated (166),497,1,Cyclothymic disorder,Bipolar & related,Bipolar & related,False,,,,,,
97,dsm_5_tr_clinical_cases,Literature,Rated (30),623,1,"Bipolar and related disorder due to HIV infection, with manic features",Bipolar & related,Bipolar & related,False,,,,,,
99,dsm_5_tr_clinical_cases,Literature,Rated (30),550,1,"Bipolar I disorder, current episode manic, severe, with psychotic features, with peripartum onset",Bipolar & related,Bipolar & related,False,,,,,,
100,dsm_5_tr_clinical_cases,Literature,Not rated (166),475,1,Unspecified bipolar and related disorder,Bipolar & related,Bipolar & related,False,,,,,,
101,dsm_5_tr_clinical_cases,Literature,Not rated (166),539,2,"Disruptive mood dysregulation disorder || Attention-deficit/hyperactivity disorder, combined presentation",Depressive,Depressive; Neurodevelopmental,False,,,,,,
102,dsm_5_tr_clinical_cases,Literature,Not rated (166),511,1,"Major depressive disorder, single episode, moderate severity, without psychotic features, with peripartum onset",Depressive,Depressive,False,,,,,,
103,dsm_5_tr_clinical_cases,Literature,Not rated (166),370,1,Major depressive disorder,Depressive,Depressive,False,,,,,,
104,dsm_5_tr_clinical_cases,Literature,Rated (30),378,1,"Major depressive disorder, single episode, moderate, with psychotic features",Depressive,Depressive,False,,,,,,
105,dsm_5_tr_clinical_cases,Literature,Not rated (166),611,1,"Major depressive disorder, moderate, with melancholic features",Depressive,Depressive,False,,,,,,
106,dsm_5_tr_clinical_cases,Literature,Not rated (166),458,1,Persistent depressive disorder,Depressive,Depressive,False,,,,,,
107,dsm_5_tr_clinical_cases,Literature,Not rated (166),511,1,Premenstrual dysphoric disorder (provisional),Depressive,Depressive,False,provisional / rule-out / history,,,,,
108,dsm_5_tr_clinical_cases,Literature,Rated (30),479,2,"Cocaine use disorder, moderate || Substance (cocaine)-induced depressive disorder",Substance-related & addictive,Depressive; Substance-related & addictive,False,,,,,,
109,dsm_5_tr_clinical_cases,Literature,Rated (30),622,2,"Depressive disorder due to another medical condition (Parkinson’s disease), with major depressive–like episode || Rapid eye movement sleep behavior disorder",Depressive,Depressive; Sleep-wake,False,,,,,,
110,dsm_5_tr_clinical_cases,Literature,Not rated (166),548,1,Major depressive disorder with mixed features,Depressive,Depressive,False,,,,,,
111,dsm_5_tr_clinical_cases,Literature,Not rated (166),522,1,Other specified depressive disorder (depressive episode with insufficient symptoms),Depressive,Depressive,False,,,,,,
113,dsm_5_tr_clinical_cases,Literature,Not rated (166),590,1,Separation anxiety disorder with panic attacks,Anxiety,Anxiety,False,,,,,,
114,dsm_5_tr_clinical_cases,Literature,Not rated (166),368,1,Panic disorder,Anxiety,Anxiety,False,,,,,,
115,dsm_5_tr_clinical_cases,Literature,Rated (30),669,3,"Social anxiety disorder, severe || Posttraumatic stress disorder, moderate || Agoraphobia, severe",Anxiety,Anxiety; Trauma & stressor-related,False,,,,,,
116,dsm_5_tr_clinical_cases,Literature,Not rated (166),404,2,"Specific phobia, situational (flying on airplanes) || Specific phobia, animals",Anxiety,Anxiety,False,,,,,,
117,dsm_5_tr_clinical_cases,Literature,Not rated (166),444,1,Generalized anxiety disorder,Anxiety,Anxiety,False,,,,,,
118,dsm_5_tr_clinical_cases,Literature,Rated (30),612,2,"Alcohol use disorder, moderate, in early remission || Medication-induced anxiety disorder (steroids)",Substance-related & addictive,Anxiety; Substance-related & addictive,False,,,,,,
119,dsm_5_tr_clinical_cases,Literature,Not rated (166),538,2,"Obsessive-compulsive disorder, with good or fair insight || Major depressive disorder",Obsessive-compulsive & related,Depressive; Obsessive-compulsive & related,False,alternatives in reference (or / vs / +/-),,,,,
120,dsm_5_tr_clinical_cases,Literature,Not rated (166),456,1,"Obsessive-compulsive disorder, tic related, with absent insight/delusional beliefs",Obsessive-compulsive & related,Obsessive-compulsive & related,False,,,,,,
121,dsm_5_tr_clinical_cases,Literature,Not rated (166),513,1,"Body dysmorphic disorder, with absent insight/delusional beliefs, with muscle dysmorphia",Obsessive-compulsive & related,Obsessive-compulsive & related,False,,,,,,
122,dsm_5_tr_clinical_cases,Literature,Not rated (166),574,2,"Hoarding disorder, with excessive acquisition, with good or fair insight || Unspecified depressive disorder",Obsessive-compulsive & related,Depressive; Obsessive-compulsive & related,False,alternatives in reference (or / vs / +/-),,,,,
123,dsm_5_tr_clinical_cases,Literature,Not rated (166),409,2,Trichotillomania (hair-pulling disorder) || Excoriation (skin-picking) disorder,Obsessive-compulsive & related,Obsessive-compulsive & related,False,,,,,,
124,dsm_5_tr_clinical_cases,Literature,Not rated (166),409,1,Disinhibited social engagement disorder,Trauma & stressor-related,Trauma & stressor-related,False,,,,,,
125,dsm_5_tr_clinical_cases,Literature,Not rated (166),467,2,Ms. Pinsky: No diagnosis || normative stress reaction  Mr. Quigley: Acute stress disorder,No diagnosis,No diagnosis; Trauma & stressor-related,False,one reference string spans 2+ chapters (check: may be several diagnoses scored as one); parsing anomaly (admission/final or two patients),,,,,
126,dsm_5_tr_clinical_cases,Literature,Not rated (166),502,1,Acute stress disorder,Trauma & stressor-related,Trauma & stressor-related,False,,,,,,
127,dsm_5_tr_clinical_cases,Literature,Not rated (166),703,1,Posttraumatic stress disorder,Trauma & stressor-related,Trauma & stressor-related,False,,,,,,
128,dsm_5_tr_clinical_cases,Literature,Not rated (166),431,1,"Adjustment disorder with depressed mood, acute stressor",Trauma & stressor-related,Trauma & stressor-related,False,,,,,,
129,dsm_5_tr_clinical_cases,Literature,Not rated (166),503,1,Adjustment disorder with mixed anxiety and depressed mood,Trauma & stressor-related,Trauma & stressor-related,False,,,,,,
130,dsm_5_tr_clinical_cases,Literature,Not rated (166),567,2,Adjustment disorder with depressed mood || Suicidal behavior disorder,Trauma & stressor-related,Other (conditions for further study); Trauma & stressor-related,False,,,,,,
131,dsm_5_tr_clinical_cases,Literature,Not rated (166),942,2,Major depressive disorder || Prolonged grief disorder,Depressive,Depressive; Trauma & stressor-related,False,,,,,,
132,dsm_5_tr_clinical_cases,Literature,Not rated (166),610,3,"Dissociative amnesia || Major depressive disorder, chronic, with suicidal ideation || Posttraumatic stress disorder",Dissociative,Depressive; Dissociative; Trauma & stressor-related,False,,,,,,
133,dsm_5_tr_clinical_cases,Literature,Not rated (166),633,1,Depersonalization/derealization disorder,Dissociative,Dissociative,False,,,,,,
134,dsm_5_tr_clinical_cases,Literature,Not rated (166),536,1,Other specified dissociative disorder (acute dissociative reactions to stressful events),Dissociative,Dissociative,False,,,,,,
135,dsm_5_tr_clinical_cases,Literature,Not rated (166),598,3,"Somatic symptom disorder, with predominant pain, persistent, moderate to severe || Cannabis use disorder || Major depressive disorder, single episode, chronic",Somatic symptom & related,Depressive; Somatic symptom & related; Substance-related & addictive,False,,,,,,
136,dsm_5_tr_clinical_cases,Literature,Not rated (166),641,1,Somatic symptom disorder,Somatic symptom & related,Somatic symptom & related,False,,,,,,
137,dsm_5_tr_clinical_cases,Literature,Not rated (166),501,2,"Illness anxiety disorder, care-seeking type || Panic disorder",Somatic symptom & related,Anxiety; Somatic symptom & related,False,,,,,,
138,dsm_5_tr_clinical_cases,Literature,Not rated (166),501,1,"Functional neurological symptom disorder (conversion disorder) with attacks or seizures, persistent",Somatic symptom & related,Somatic symptom & related,False,alternatives in reference (or / vs / +/-),,,,,
139,dsm_5_tr_clinical_cases,Literature,Not rated (166),805,1,"Factitious disorder, recurrent episodes",Somatic symptom & related,Somatic symptom & related,False,,,,,,
141,dsm_5_tr_clinical_cases,Literature,Not rated (166),540,2,"Pica || Intellectual developmental disorder, mild to moderate",Feeding & eating,Feeding & eating; Neurodevelopmental,False,,,,,,
142,dsm_5_tr_clinical_cases,Literature,Not rated (166),500,1,Avoidant/restrictive food intake disorder,Feeding & eating,Feeding & eating,False,,,,,,
144,dsm_5_tr_clinical_cases,Literature,Not rated (166),436,2,Bulimia nervosa || Major depressive disorder,Feeding & eating,Depressive; Feeding & eating,False,,,,,,
145,dsm_5_tr_clinical_cases,Literature,Not rated (166),536,2,"Binge-eating disorder, mild || Major depressive disorder, recurrent, in remission",Feeding & eating,Depressive; Feeding & eating,False,,,,,,
146,dsm_5_tr_clinical_cases,Literature,Not rated (166),530,1,"Enuresis, nocturnal only",Elimination,Elimination,False,,,,,,
147,dsm_5_tr_clinical_cases,Literature,Not rated (166),533,1,Insomnia disorder,Sleep-wake,Sleep-wake,False,,,,,,
148,dsm_5_tr_clinical_cases,Literature,Not rated (166),738,2,Social anxiety disorder || Hypersomnolence disorder,Anxiety,Anxiety; Sleep-wake,False,,,,,,
149,dsm_5_tr_clinical_cases,Literature,Not rated (166),402,1,Obstructive sleep apnea hypopnea,Sleep-wake,Sleep-wake,False,,,,,,
150,dsm_5_tr_clinical_cases,Literature,Not rated (166),393,2,"Major depressive disorder, in remission || Restless legs syndrome",Depressive,Depressive; Sleep-wake,False,,,,,,
151,dsm_5_tr_clinical_cases,Literature,Not rated (166),636,1,Female sexual interest/arousal disorder,Sexual dysfunction,Sexual dysfunction,False,,,,,,
152,dsm_5_tr_clinical_cases,Literature,Not rated (166),264,2,"Medication-induced sexual dysfunction || Major depressive disorder, in full remission",Sexual dysfunction,Depressive; Sexual dysfunction,False,,,,,,
153,dsm_5_tr_clinical_cases,Literature,Not rated (166),564,1,"Gender dysphoria, posttransition",Gender dysphoria,Gender dysphoria,False,,,,,,
154,dsm_5_tr_clinical_cases,Literature,Not rated (166),531,2,"Conduct disorder, childhood-onset type, severe, with limited prosocial emotions || Attention-deficit/hyperactivity disorder","Disruptive, impulse-control & conduct","Disruptive, impulse-control & conduct; Neurodevelopmental",False,,,,,,
155,dsm_5_tr_clinical_cases,Literature,Rated (30),596,1,Intermittent explosive disorder,"Disruptive, impulse-control & conduct","Disruptive, impulse-control & conduct",False,,,,,,
156,dsm_5_tr_clinical_cases,Literature,Not rated (166),516,2,Alcohol use disorder || Alcohol-induced depressive disorder,Substance-related & addictive,Depressive; Substance-related & addictive,False,,,,,,
157,dsm_5_tr_clinical_cases,Literature,Not rated (166),531,2,"Alcohol withdrawal || Alcohol use disorder, severe",Substance-related & addictive,Substance-related & addictive,False,,,,,,
158,dsm_5_tr_clinical_cases,Literature,Not rated (166),506,1,"Cocaine use disorder, moderate",Substance-related & addictive,Substance-related & addictive,False,,,,,,
159,dsm_5_tr_clinical_cases,Literature,Rated (30),552,4,"Opioid use disorder || Tobacco use disorder || Alcohol use disorder, in remission || Major depressive disorder",Substance-related & addictive,Depressive; Substance-related & addictive,False,,,,,,
160,dsm_5_tr_clinical_cases,Literature,Not rated (166),762,3,Opioid withdrawal || Opioid use disorder || Alcohol use disorder,Substance-related & addictive,Substance-related & addictive,False,,,,,,
161,dsm_5_tr_clinical_cases,Literature,Not rated (166),726,3,"Adjustment disorder with anxiety || Alcohol use disorder, mild || Cannabis use disorder, mild",Trauma & stressor-related,Substance-related & addictive; Trauma & stressor-related,False,,,,,,
162,dsm_5_tr_clinical_cases,Literature,Not rated (166),402,1,Gambling disorder,Substance-related & addictive,Substance-related & addictive,False,,,,,,
163,dsm_5_tr_clinical_cases,Literature,Not rated (166),418,1,Unspecified delirium,Neurocognitive,Neurocognitive,False,,,,,,
165,dsm_5_tr_clinical_cases,Literature,Not rated (166),577,1,Major neurocognitive disorder due to Alzheimer’s disease,Neurocognitive,Neurocognitive,False,,,,,,
166,dsm_5_tr_clinical_cases,Literature,Not rated (166),400,2,Major depressive disorder || Mild neurocognitive disorder due to multiple etiologies,Depressive,Depressive; Neurocognitive,False,,,,,,
167,dsm_5_tr_clinical_cases,Literature,Not rated (166),683,2,Major neurocognitive disorder with Lewy bodies || Rapid eye movement sleep behavior disorder,Neurocognitive,Neurocognitive; Sleep-wake,False,,,,,,
168,dsm_5_tr_clinical_cases,Literature,Not rated (166),704,1,Diagnosis on Admission:   Unspecified schizophrenia spectrum and other psychotic disorder  Final Diagnoses:  1. Mild neurocognitive disorder due to Huntington’s disease  2. Psychotic disorder due to Huntington’s disease,Schizophrenia spectrum & psychotic,Neurocognitive; Schizophrenia spectrum & psychotic,False,one reference string spans 2+ chapters (check: may be several diagnoses scored as one); parsing anomaly (admission/final or two patients),,,,,
169,dsm_5_tr_clinical_cases,Literature,Rated (30),751,2,"Mild neurocognitive disorder due to traumatic brain injury, with behavioral disturbance || Alcohol use disorder",Neurocognitive,Neurocognitive; Substance-related & addictive,False,,,,,,
170,dsm_5_tr_clinical_cases,Literature,Not rated (166),529,2,Paranoid personality disorder || Obsessive-compulsive personality disorder,Personality,Personality,False,,,,,,
171,dsm_5_tr_clinical_cases,Literature,Not rated (166),574,1,Schizoid personality disorder,Personality,Personality,False,,,,,,
172,dsm_5_tr_clinical_cases,Literature,Not rated (166),509,2,Schizotypal personality disorder || Paranoid personality disorder,Personality,Personality,False,,,,,,
173,dsm_5_tr_clinical_cases,Literature,Not rated (166),690,1,Antisocial personality disorder,Personality,Personality,False,,,,,,
174,dsm_5_tr_clinical_cases,Literature,Not rated (166),475,1,Borderline personality disorder,Personality,Personality,False,,,,,,
175,dsm_5_tr_clinical_cases,Literature,Not rated (166),541,1,Histrionic personality disorder,Personality,Personality,False,,,,,,
176,dsm_5_tr_clinical_cases,Literature,Not rated (166),737,1,Narcissistic personality disorder,Personality,Personality,False,,,,,,
177,dsm_5_tr_clinical_cases,Literature,Not rated (166),594,2,Avoidant personality disorder || Social anxiety disorder,Personality,Anxiety; Personality,False,,,,,,
178,dsm_5_tr_clinical_cases,Literature,Rated (30),424,2,Dependent personality disorder || Benzodiazepine use disorder,Personality,Personality; Substance-related & addictive,False,,,,,,
179,dsm_5_tr_clinical_cases,Literature,Not rated (166),573,1,Obsessive-compulsive personality disorder,Personality,Personality,False,,,,,,
180,dsm_5_tr_clinical_cases,Literature,Not rated (166),749,3,Sexual sadism disorder || Alcohol use disorder || Generalized anxiety disorder (provisional),Paraphilic,Anxiety; Paraphilic; Substance-related & addictive,False,provisional / rule-out / history,,,,,
181,dsm_5_tr_clinical_cases,Literature,Rated (30),461,1,Fetishistic disorder,Paraphilic,Paraphilic,False,,,,,,
182,dsm_5_tr_clinical_cases,Literature,Not rated (166),690,5,"Unspecified schizophrenia spectrum and other psychotic disorder || Cocaine use disorder || Alcohol use disorder || Antisocial personality disorder || Pedophilic disorder, nonexclusive type, sexually attracted to both",Schizophrenia spectrum & psychotic,Paraphilic; Personality; Schizophrenia spectrum & psychotic; Substance-related & addictive,False,,,,,,
1001,judah_weathers,Clinician-authored,Not rated (166),598,1,Obsessive compulsive disorder (F42.8),Obsessive-compulsive & related,Obsessive-compulsive & related,False,,,,,,
1002,judah_weathers,Clinician-authored,Not rated (166),407,1,"Bipolar disorder, most recent episode manic, in remission (F31.74), Alcohol use disorder, initial remission (F10.21), Mood disorder due to a known physiologic condition with manic features (F06.33)",Bipolar & related,Bipolar & related; Substance-related & addictive,False,one reference string spans 2+ chapters (check: may be several diagnoses scored as one),,,,,
1003,judah_weathers,Clinician-authored,Rated (30),402,1,"Bipolar disorder, current episode manic (F31.2)",Bipolar & related,Bipolar & related,False,,,,,,
1004,judah_weathers,Clinician-authored,Not rated (166),249,1,Acute stress disorder (F43.0),Trauma & stressor-related,Trauma & stressor-related,False,,,,,,
1005,judah_weathers,Clinician-authored,Not rated (166),362,1,Schizophreniform Disorder (F20.81) or F33.3 (Depression with psychotic features),Schizophrenia spectrum & psychotic,Depressive; Schizophrenia spectrum & psychotic,False,alternatives in reference (or / vs / +/-); one reference string spans 2+ chapters (check: may be several diagnoses scored as one),,,,,
1006,judah_weathers,Clinician-authored,Not rated (166),319,2,"Polysubstance use disorder, severe (F19.20) || Alcohol use, with unspecified alcohol induced disorder (i.e. Beer Pantomania) (F10.99)",Substance-related & addictive,Substance-related & addictive,False,,,,,,
1007,judah_weathers,Clinician-authored,Not rated (166),405,2,Alcohol induced Korsakov’s Syndrome (F10.26) || Persistent depressive disorder (F34.1),Neurocognitive,Depressive; Neurocognitive,False,,,,,,
1008,judah_weathers,Clinician-authored,Not rated (166),318,4,"Alcohol use disorder, severe (F10.20) || Alcohol depended with alcohol-induced psychotic disorder and hallucinations (F10.251) || Post traumatic stress disorder (F43.1) || Bipolar disorder, most recent episode depressed (F31.30)",Substance-related & addictive,Bipolar & related; Schizophrenia spectrum & psychotic; Substance-related & addictive; Trauma & stressor-related,False,,,,,,
1009,judah_weathers,Clinician-authored,Rated (30),202,1,"Anorexia nervosa, restrictive type (F50.01)",Feeding & eating,Feeding & eating,False,,,,,,
1010,judah_weathers,Clinician-authored,Not rated (166),227,2,Borderline personality disorder (F60.3) || Post traumatic stress disorder (F43.1),Personality,Personality; Trauma & stressor-related,False,,,,,,
1011,judah_weathers,Clinician-authored,Not rated (166),458,2,"Major depressive disorder, moderate, recurrent F33.1 || Alcohol use disorder, severe",Depressive,Depressive; Substance-related & addictive,False,,,,,,
1012,judah_weathers,Clinician-authored,Rated (30),374,2,Autistic Disorder (F 84.0) || Tourette Syndrome (F95.2),Neurodevelopmental,Neurodevelopmental,False,,,,,,
1013,judah_weathers,Clinician-authored,Rated (30),207,1,Cri-du-chat Syndrome (Q93.4) vs Unspecified neurodevelopmental disorder (F89.0),Medical (non-psychiatric),Medical (non-psychiatric); Neurodevelopmental,False,alternatives in reference (or / vs / +/-); one reference string spans 2+ chapters (check: may be several diagnoses scored as one); primary reference is not a mental disorder,,,,,
1014,judah_weathers,Clinician-authored,Not rated (166),230,1,Hallucinogen persistent perception disorder (F16.983),Substance-related & addictive,Substance-related & addictive,False,,,,,,
1015,judah_weathers,Clinician-authored,Not rated (166),273,1,Adjustment disorder with disturbance in conduct (F43.24) +/- Adjustment disorder with depressed mood (F43.21),Trauma & stressor-related,Trauma & stressor-related,False,alternatives in reference (or / vs / +/-),,,,,
1016,brian_zaboski,Clinician-authored,Not rated (166),330,3,"Obsessive-compulsive disorder with poor insight (F42.2) || hoarding disorder with excessive acquisition (F42.3) || major depressive disorder (moderate, recurrent) (F33.1)",Obsessive-compulsive & related,Depressive; Obsessive-compulsive & related,False,,,,,,
1017,brian_zaboski,Clinician-authored,Not rated (166),373,3,"Obsessive-compulsive disorder, fair insight (F42.2) || Recurrent Major Depressive Disorder (mild) (F33.0) || antisocial personality disorder (F60.2)",Obsessive-compulsive & related,Depressive; Obsessive-compulsive & related; Personality,False,,,,,,
1018,brian_zaboski,Clinician-authored,Not rated (166),371,3,"Obsessive-Compulsive Disorder with good insight (F42.2) || Gender Dysphoria in Adults, posttransition (F64.0) || Major Depressive Disorder, Single Episode, Moderate (F32.1)",Obsessive-compulsive & related,Depressive; Gender dysphoria; Obsessive-compulsive & related,False,,,,,,
1019,brian_zaboski,Clinician-authored,Not rated (166),355,1,"Major Depressive Disorder, recurrent, mild (F33)",Depressive,Depressive,False,,,,,,
1020,brian_zaboski,Clinician-authored,Rated (30),433,5,"Obsessive-Compulsive Disorder (F42.2) || Major Depressive Disorder (moderate, recurrent) (F33.1) || Social Anxiety Disorder (F40.10) || Excoriation Disorder (F42.4) || Other Specified Eating Disorder: bulimia nervosa (of low frequency and limited duration) (F50.89)",Obsessive-compulsive & related,Anxiety; Depressive; Feeding & eating; Obsessive-compulsive & related,False,,,,,,
1021,brian_zaboski,Clinician-authored,Rated (30),322,3,"Obsessive-compulsive disorder (F42.2) || Anorexia nervosa, restricting type, in partial remission (F50.014) || Major depressive disorder, recurrent, in partial remission (F33.41)",Obsessive-compulsive & related,Depressive; Feeding & eating; Obsessive-compulsive & related,False,,,,,,
1022,brian_zaboski,Clinician-authored,Not rated (166),336,3,"OCD, mild, fair insight, with panic (F42.2) || Illness Anxiety Disorder (F45.21) || Major Depressive Episode, recurrent, moderate (F33.1)",Obsessive-compulsive & related,Depressive; Obsessive-compulsive & related; Somatic symptom & related,False,,,,,,
1023,brian_zaboski,Clinician-authored,Not rated (166),330,2,"Oppositional Defiant Disorder, Moderate (F91.3) || Attention-Deficit/Hyperactivity Disorder, Combined Type (F90.2)","Disruptive, impulse-control & conduct","Disruptive, impulse-control & conduct; Neurodevelopmental",False,,,,,,
1024,brian_zaboski,Clinician-authored,Not rated (166),272,2,"Schizophrenia, Multiple Episodes, Currently in Acute Episode (F20.9) || Obsessive-Compulsive Disorder, Poor Insight (F42.2)",Schizophrenia spectrum & psychotic,Obsessive-compulsive & related; Schizophrenia spectrum & psychotic,False,,,,,,
1025,brian_zaboski,Clinician-authored,Not rated (166),336,2,"Obsessive-Compulsive Disorder, Poor Insight, with Panic (F42.2) || Other Specified Depressive Disorder (Insufficient Symptoms for MDD) (F32.89)",Obsessive-compulsive & related,Depressive; Obsessive-compulsive & related,False,,,,,,
1026,ashley_huang,Clinician-authored,Not rated (166),337,1,Other psychoactive substance abuse with psychoactive substance-induced psychotic disorder with delusions (F19.150),Substance-related & addictive,Schizophrenia spectrum & psychotic; Substance-related & addictive,False,one reference string spans 2+ chapters (check: may be several diagnoses scored as one),,,,,
1027,ashley_huang,Clinician-authored,Not rated (166),355,3,"Major depressive disorder, severe, with psychosis (F32.3) || Cannabis dependence (F12.20) || Xanax use disorder, severe, with dependence (F13.232)",Depressive,Depressive; Substance-related & addictive,False,,,,,,
1028,ashley_huang,Clinician-authored,Not rated (166),322,1,Obsessive-compulsive disorder (F42),Obsessive-compulsive & related,Obsessive-compulsive & related,False,,,,,,
1029,ashley_huang,Clinician-authored,Not rated (166),348,1,Borderline personality disorder (F60.3),Personality,Personality,False,,,,,,
1030,ashley_huang,Clinician-authored,Not rated (166),439,1,Narcissistic personality disorder (F60.81),Personality,Personality,False,,,,,,
1031,ashley_huang,Clinician-authored,Not rated (166),143,1,Attention-deficit hyperactivity disorder (F90.9),Neurodevelopmental,Neurodevelopmental,False,,,,,,
1032,ashley_huang,Clinician-authored,Rated (30),338,1,Disruptive mood dysregulation disorder (F34.81),Depressive,Depressive,False,,,,,,
1033,ashley_huang,Clinician-authored,Rated (30),171,1,Oppositional defiant disorder (F91.3),"Disruptive, impulse-control & conduct","Disruptive, impulse-control & conduct",False,,,,,,
1034,ashley_huang,Clinician-authored,Not rated (166),177,1,"Major depressive disorder, single episode, unspecified (F32.9)",Depressive,Depressive,False,,,,,,
1035,ashley_huang,Clinician-authored,Not rated (166),263,1,"Bipolar disorder, current manic without psychotic features (F31.1)",Bipolar & related,Bipolar & related,False,,,,,,
1036,caesa_nagpal,Clinician-authored,Not rated (166),304,1,"Major depressive disorder, single episode, severe without psychotic features (F32.2)",Depressive,Depressive,False,,,,,,
1037,caesa_nagpal,Clinician-authored,Not rated (166),339,2,"Bipolar disorder I, current episode manic with psychotic symptoms (F31.2) || Catatonic disorder due to known physiological condition (F06.1)",Bipolar & related,Bipolar & related; Schizophrenia spectrum & psychotic,False,,,,,,
1038,caesa_nagpal,Clinician-authored,Not rated (166),338,1,Adjustment disorder with anxiety (F43.2),Trauma & stressor-related,Trauma & stressor-related,False,,,,,,
1039,caesa_nagpal,Clinician-authored,Not rated (166),350,1,Schizophreniform Disorder (F20.81),Schizophrenia spectrum & psychotic,Schizophrenia spectrum & psychotic,False,,,,,,
1040,caesa_nagpal,Clinician-authored,Not rated (166),365,1,Other psychoactive substance related disorders (F19),Substance-related & addictive,Substance-related & addictive,False,,,,,,
1041,caesa_nagpal,Clinician-authored,Not rated (166),232,1,Separation anxiety disorder (F93.0),Anxiety,Anxiety,False,,,,,,
1042,juliana_zhang,Clinician-authored,Not rated (166),227,1,Other encephalitis and encephalomyelitis (G04.81),Medical (non-psychiatric),Medical (non-psychiatric),False,primary reference is not a mental disorder,,,,,
1043,juliana_zhang,Clinician-authored,Not rated (166),253,1,Adjustment disorder with mixed anxiety and depression (F42.23),Trauma & stressor-related,Trauma & stressor-related,False,,,,,,
1044,juliana_zhang,Clinician-authored,Not rated (166),259,1,"Schizophrenia, unspecified (F20.9)",Schizophrenia spectrum & psychotic,Schizophrenia spectrum & psychotic,False,,,,,,
1045,juliana_zhang,Clinician-authored,Not rated (166),258,2,"Conduct disorder, adolescent-onset type (F91.1) || Disruptive mood dysregulation disorder (F34.81)","Disruptive, impulse-control & conduct","Depressive; Disruptive, impulse-control & conduct",False,,,,,,
1046,juliana_zhang,Clinician-authored,Not rated (166),219,1,Bipolar disorder with current depressed episode (F31.3),Bipolar & related,Bipolar & related,False,,,,,,
1047,juliana_zhang,Clinician-authored,Rated (30),348,1,"F19.150 other psychoactive substance abuse with psychoactive substance induced psychotic disorder with delusions, F15.10 Other stimulant abuse, F12.1 Cannabis abuse",Substance-related & addictive,Schizophrenia spectrum & psychotic; Substance-related & addictive,False,one reference string spans 2+ chapters (check: may be several diagnoses scored as one),,,,,
1048,juliana_zhang,Clinician-authored,Not rated (166),236,2,"Post-traumatic stress disorder, chronic (F43.1) || Alcohol use disorder, unspecified (F10.9)",Trauma & stressor-related,Substance-related & addictive; Trauma & stressor-related,False,,,,,,
1049,juliana_zhang,Clinician-authored,Rated (30),209,1,Cataonia associated with another mental disorder (F06.1),Schizophrenia spectrum & psychotic,Schizophrenia spectrum & psychotic,False,,,,,,
1050,juliana_zhang,Clinician-authored,Not rated (166),248,1,"Schizoaffective disorder, bipolar type (F25.0)",Schizophrenia spectrum & psychotic,Schizophrenia spectrum & psychotic,False,,,,,,
1051,juliana_zhang,Clinician-authored,Not rated (166),322,1,"Bipolar disorder, current episode manic, severe, with psychotic features (F31.2)",Bipolar & related,Bipolar & related,False,,,,,,
1052,pooja_chaudhary,Clinician-authored,Not rated (166),260,1,Adjustment disorder with Mixed Anxiety and Depression (F43.23),Trauma & stressor-related,Trauma & stressor-related,False,,,,,,
1053,pooja_chaudhary,Clinician-authored,Not rated (166),220,1,Catatonia Disorder Due to Another Medical Condition (Catatonia due to known physiological condition F06.1),Schizophrenia spectrum & psychotic,Schizophrenia spectrum & psychotic,False,,,,,,
1054,pooja_chaudhary,Clinician-authored,Not rated (166),243,1,"Major Depressive Disorder single episode, severe, with catatonia (F32.2)",Depressive,Depressive,False,,,,,,
1055,pooja_chaudhary,Clinician-authored,Not rated (166),239,1,Post-partum psychosis (F53.1),Schizophrenia spectrum & psychotic,Schizophrenia spectrum & psychotic,False,,,,,,
1056,pooja_chaudhary,Clinician-authored,Rated (30),208,1,Disruptive Mood Dysregulation Disorder (DMDD) (F34.81),Depressive,Depressive,False,,,,,,
1057,pooja_chaudhary,Clinician-authored,Not rated (166),277,1,Excoriation (Skin-Picking) Disorder under Obsessive-compulsive and related disorders (F42.4),Obsessive-compulsive & related,Obsessive-compulsive & related,False,,,,,,
1058,pooja_chaudhary,Clinician-authored,Not rated (166),261,1,Schizophreniform disorder with good prognostic features (F20.81),Schizophrenia spectrum & psychotic,Schizophrenia spectrum & psychotic,False,,,,,,
1059,pooja_chaudhary,Clinician-authored,Not rated (166),314,1,Intermittent Explosive Disorder (IED) (F63.81),"Disruptive, impulse-control & conduct","Disruptive, impulse-control & conduct",False,,,,,,
1060,pooja_chaudhary,Clinician-authored,Not rated (166),243,1,Avoidant/Restrictive Food Intake Disorder (ARFID) (F50.82),Feeding & eating,Feeding & eating,False,,,,,,
1061,pooja_chaudhary,Clinician-authored,Not rated (166),198,1,Neurosyphilis (A52.3),Medical (non-psychiatric),Medical (non-psychiatric),False,primary reference is not a mental disorder,,,,,
